EMP_DEMO,Stress Alert,2026-01-23 01:20:57.858682
EMP_DEMO,Stress Alert,2026-01-23 01:20:58.387428
EMP_DEMO,Stress Alert,2026-01-23 01:20:58.912689
EMP_DEMO,Stress Alert,2026-01-23 01:20:59.390509
EMP_DEMO,Stress Alert,2026-01-23 01:20:59.897063
EMP_DEMO,Stress Alert,2026-01-23 01:21:00.396913
EMP_DEMO,Stress Alert,2026-01-23 01:21:00.880572
EMP_DEMO,Stress Alert,2026-01-23 01:21:06.278795
EMP_DEMO,Stress Alert,2026-01-23 01:21:06.781056
EMP_DEMO,Stress Alert,2026-01-23 01:21:07.305090
EMP_DEMO,Stress Alert,2026-01-23 01:21:07.790336
EMP_DEMO,Stress Alert,2026-01-23 01:21:08.296401
EMP_DEMO,Stress Alert,2026-01-23 01:21:29.635247
EMP_DEMO,Stress Alert,2026-01-26 12:20:35.597288
EMP_DEMO,Stress Alert,2026-01-26 12:20:44.587698
EMP_DEMO,Stress Alert,2026-01-26 12:20:45.245928
EMP_DEMO,Stress Alert,2026-01-26 12:20:45.883619
EMP_DEMO,Stress Alert,2026-01-26 12:20:46.471114
EMP_DEMO,Stress Alert,2026-01-26 12:20:47.071431
EMP_DEMO,Stress Alert,2026-01-26 12:20:52.438175
EMP_DEMO,Stress Alert,2026-01-26 12:20:53.065986
EMP_DEMO,Stress Alert,2026-01-26 12:20:53.695900
EMP_DEMO,Stress Alert,2026-01-26 12:20:54.288868
EMP_DEMO,Stress Alert,2026-01-26 12:20:54.882398
EMP_DEMO,Stress Alert,2026-01-26 12:20:55.446885
